product_id,current_stock
22197,20834
84077,1212
85099B,7730
85123A,498
84879,6836
21212,1703
22492,5337
22616,1213
21977,1464
22178,3067
15036,376
21915,7150
22386,1442
20725,1835
84946,1333
47566,425
84991,438
22355,273
22469,299
20724,323
85099F,1322
84755,556
22961,1853
21213,516
21790,4477
22629,844
21731,200
85099C,1392
22423,1229
21931,1659
71459,882
84992,684
20713,174
20719,1132
21080,1786
21181,1094
22993,716
22411,183
22383,606
22969,1187
84978,2572
22998,653
21975,518
20727,513
21175,6172
21232,1525
20728,111
22630,383
22659,1625
21929,70
