product_id,product_name,category,unit_price_gbp,supplier,lead_time_days
22197,POPCORN HOLDER,Gift & Homeware,0.85,Hartley Wholesale,17
84077,WORLD WAR 2 GLIDERS ASSTD DESIGNS,Gift & Homeware,0.29,Albion Supplies,8
85099B,JUMBO BAG RED RETROSPOT,Gift & Homeware,2.08,Albion Supplies,11
85123A,WHITE HANGING HEART T-LIGHT HOLDER,Gift & Homeware,2.95,Kensington Imports,12
84879,ASSORTED COLOUR BIRD ORNAMENT,Gift & Homeware,1.69,Kensington Imports,13
21212,PACK OF 72 RETROSPOT CAKE CASES,Gift & Homeware,0.55,Thames Trading Co,5
22492,MINI PAINT SET VINTAGE,Gift & Homeware,0.65,Hartley Wholesale,14
22616,PACK OF 12 LONDON TISSUES,Gift & Homeware,0.29,Albion Supplies,7
21977,PACK OF 60 PINK PAISLEY CAKE CASES,Gift & Homeware,0.55,Northern Gifts Ltd,17
22178,VICTORIAN GLASS HANGING T-LIGHT,Gift & Homeware,1.25,Hartley Wholesale,16
15036,ASSORTED COLOURS SILK FAN,Gift & Homeware,0.83,Kensington Imports,20
21915,RED  HARMONICA IN BOX,Gift & Homeware,1.25,Thames Trading Co,17
22386,JUMBO BAG PINK POLKADOT,Gift & Homeware,2.08,Albion Supplies,11
20725,LUNCH BAG RED RETROSPOT,Gift & Homeware,1.65,Albion Supplies,21
84946,ANTIQUE SILVER T-LIGHT GLASS,Gift & Homeware,1.25,Albion Supplies,11
47566,PARTY BUNTING,Gift & Homeware,4.95,Albion Supplies,10
84991,60 TEATIME FAIRY CAKE CASES,Gift & Homeware,0.55,Kensington Imports,20
22355,CHARLOTTE BAG SUKI DESIGN,Gift & Homeware,0.85,Hartley Wholesale,11
22469,HEART OF WICKER SMALL,Gift & Homeware,1.65,Thames Trading Co,6
20724,RED RETROSPOT CHARLOTTE BAG,Gift & Homeware,0.85,Kensington Imports,12
85099F,JUMBO BAG STRAWBERRY,Gift & Homeware,2.08,Kensington Imports,18
84755,COLOUR GLASS T-LIGHT HOLDER HANGING,Gift & Homeware,0.65,Northern Gifts Ltd,8
22961,JAM MAKING SET PRINTED,Gift & Homeware,1.45,Hartley Wholesale,12
21213,PACK OF 72 SKULL CAKE CASES,Gift & Homeware,0.55,Thames Trading Co,7
21790,VINTAGE SNAP CARDS,Gift & Homeware,0.85,Albion Supplies,16
22629,SPACEBOY LUNCH BOX,Gift & Homeware,1.95,Albion Supplies,13
21731,RED TOADSTOOL LED NIGHT LIGHT,Gift & Homeware,1.65,Kensington Imports,10
85099C,JUMBO  BAG BAROQUE BLACK WHITE,Gift & Homeware,2.08,Thames Trading Co,8
22423,REGENCY CAKESTAND 3 TIER,Gift & Homeware,12.75,Kensington Imports,14
21931,JUMBO STORAGE BAG SUKI,Gift & Homeware,2.08,Kensington Imports,16
71459,HANGING JAM JAR T-LIGHT HOLDER,Gift & Homeware,0.85,Kensington Imports,20
84992,72 SWEETHEART FAIRY CAKE CASES,Gift & Homeware,0.55,Northern Gifts Ltd,12
20713,JUMBO BAG OWLS,Gift & Homeware,2.08,Hartley Wholesale,7
20719,WOODLAND CHARLOTTE BAG,Gift & Homeware,0.85,Kensington Imports,19
21080,SET/20 RED RETROSPOT PAPER NAPKINS,Gift & Homeware,0.85,Thames Trading Co,15
21181,PLEASE ONE PERSON METAL SIGN,Gift & Homeware,2.1,Hartley Wholesale,16
22993,SET OF 4 PANTRY JELLY MOULDS,Gift & Homeware,1.25,Thames Trading Co,6
22411,JUMBO SHOPPER VINTAGE RED PAISLEY,Gift & Homeware,2.08,Thames Trading Co,10
22383,LUNCH BAG SUKI DESIGN,Gift & Homeware,1.65,Northern Gifts Ltd,18
22969,HOMEMADE JAM SCENTED CANDLES,Gift & Homeware,1.45,Albion Supplies,19
84978,HANGING HEART JAR T-LIGHT HOLDER,Gift & Homeware,1.25,Hartley Wholesale,12
22998,TRAVEL CARD WALLET KEEP CALM,Gift & Homeware,0.42,Albion Supplies,18
21975,PACK OF 60 DINOSAUR CAKE CASES,Gift & Homeware,0.55,Albion Supplies,19
20727,LUNCH BAG  BLACK SKULL.,Gift & Homeware,1.65,Northern Gifts Ltd,11
21175,GIN + TONIC DIET METAL SIGN,Gift & Homeware,2.55,Hartley Wholesale,20
21232,STRAWBERRY CERAMIC TRINKET BOX,Gift & Homeware,1.25,Thames Trading Co,9
20728,LUNCH BAG CARS BLUE,Gift & Homeware,1.65,Kensington Imports,9
22630,DOLLY GIRL LUNCH BOX,Gift & Homeware,1.95,Thames Trading Co,16
22659,LUNCH BOX I LOVE LONDON,Gift & Homeware,1.95,Albion Supplies,15
21929,JUMBO BAG PINK VINTAGE PAISLEY,Gift & Homeware,2.08,Albion Supplies,7
