product_id,method,mae,mape,wape
15036,moving_average,84.25,183.4,68.57
15036,exp_smoothing,102.15,232.27,83.13
20713,moving_average,478.56,200.5,131.55
20713,exp_smoothing,511.31,211.16,140.56
20719,moving_average,73.5,28.28,27.5
20719,exp_smoothing,91.58,39.74,34.27
20724,moving_average,148.88,29.72,29.75
20724,exp_smoothing,150.75,33.16,30.12
20725,moving_average,128.62,34.54,34.36
20725,exp_smoothing,192.88,58.74,51.52
20727,moving_average,86.0,41.12,37.23
20727,exp_smoothing,133.17,71.31,57.65
20728,moving_average,115.09,68.73,58.02
20728,exp_smoothing,122.42,80.83,61.71
21080,moving_average,105.0,56.58,49.53
21080,exp_smoothing,122.85,69.82,57.95
21175,moving_average,130.38,76.14,48.65
21175,exp_smoothing,175.27,94.56,65.4
21181,moving_average,465.72,379.05,127.32
21181,exp_smoothing,438.01,346.98,119.74
21212,moving_average,221.88,44.09,42.34
21212,exp_smoothing,246.52,56.2,47.05
21213,moving_average,112.38,55.99,50.56
21213,exp_smoothing,174.2,95.81,78.38
21232,moving_average,167.4,62.38,61.21
21232,exp_smoothing,199.65,82.13,73.01
21731,moving_average,233.38,84.72,61.82
21731,exp_smoothing,255.81,105.83,67.77
21790,moving_average,108.75,25.4,21.28
21790,exp_smoothing,118.62,28.69,23.21
21915,moving_average,808.53,7359.73,121.15
21915,exp_smoothing,993.41,15102.6,148.85
21929,moving_average,115.12,80.81,84.5
21929,exp_smoothing,133.19,102.41,97.76
21931,moving_average,137.03,57.13,53.41
21931,exp_smoothing,150.35,65.57,58.6
21975,moving_average,81.5,74.24,61.57
21975,exp_smoothing,68.19,62.43,51.52
21977,moving_average,97.12,41.59,39.85
21977,exp_smoothing,118.32,60.37,48.54
22178,moving_average,152.29,33.84,32.54
22178,exp_smoothing,206.46,53.57,44.12
22197,moving_average,978.76,44.53,36.05
22197,exp_smoothing,1282.04,72.17,47.22
22355,moving_average,129.08,24.97,24.98
22355,exp_smoothing,140.88,30.77,27.27
22383,moving_average,92.12,54.06,50.9
22383,exp_smoothing,96.68,62.14,53.42
22386,moving_average,276.0,104.03,68.64
22386,exp_smoothing,354.93,163.41,88.26
22411,moving_average,139.42,60.55,51.83
22411,exp_smoothing,188.65,79.41,70.12
22423,moving_average,94.38,45.16,38.17
22423,exp_smoothing,114.43,60.85,46.28
22469,moving_average,413.5,145.68,92.53
22469,exp_smoothing,457.21,140.03,102.31
22492,moving_average,652.35,97.31,92.24
22492,exp_smoothing,760.57,131.45,107.54
22616,moving_average,620.25,246.78,108.41
22616,exp_smoothing,639.77,249.71,111.82
22629,moving_average,154.88,54.65,50.63
22629,exp_smoothing,191.82,74.75,62.71
22630,moving_average,106.5,58.38,51.39
22630,exp_smoothing,141.79,85.45,68.42
22659,moving_average,108.0,73.12,69.18
22659,exp_smoothing,132.11,93.67,84.62
22961,moving_average,146.27,42.76,40.87
22961,exp_smoothing,135.99,39.52,38.0
22969,moving_average,71.12,59.16,50.76
22969,exp_smoothing,85.68,70.99,61.15
22993,moving_average,90.37,27.92,24.4
22993,exp_smoothing,94.1,28.63,25.41
22998,moving_average,245.82,122.76,64.96
22998,exp_smoothing,381.21,188.85,100.74
47566,moving_average,130.77,103.72,75.48
47566,exp_smoothing,108.28,90.52,62.49
71459,moving_average,129.75,100.17,90.34
71459,exp_smoothing,92.87,75.16,64.66
84077,moving_average,671.06,52.84,53.09
84077,exp_smoothing,811.22,71.38,64.17
84755,moving_average,143.0,150.16,80.79
84755,exp_smoothing,164.0,171.49,92.65
84879,moving_average,247.87,28.3,26.35
84879,exp_smoothing,352.9,40.64,37.52
84946,moving_average,189.69,38.61,30.75
84946,exp_smoothing,202.29,43.45,32.8
84978,moving_average,134.86,101.19,64.13
84978,exp_smoothing,119.87,89.67,57.0
84991,moving_average,232.75,69.58,67.64
84991,exp_smoothing,293.86,97.87,85.39
84992,moving_average,170.12,122.19,80.87
84992,exp_smoothing,180.23,162.55,85.67
85099B,moving_average,553.25,60.39,51.02
85099B,exp_smoothing,677.64,82.41,62.49
85099C,moving_average,182.75,92.9,59.62
85099C,exp_smoothing,193.63,123.81,63.18
85099F,moving_average,258.12,370.26,122.19
85099F,exp_smoothing,270.05,433.93,127.83
85123A,moving_average,541.62,76.97,65.18
85123A,exp_smoothing,636.74,104.13,76.62
