priority,product_id,product_name,category,supplier,lead_time_days,current_stock,forecast_method,avg_daily_forecast,demand_std,safety_stock,reorder_point,days_of_cover,stockout_risk_pct,status,suggested_order_qty,flags
1,22355,CHARLOTTE BAG SUKI DESIGN,Gift & Homeware,Hartley Wholesale,11.0,273.0,moving_average,129.14,72.6,397,1817,2.1,100.0,CRITICAL,3352,STOCKOUT-PRONE
2,21929,JUMBO BAG PINK VINTAGE PAISLEY,Gift & Homeware,Albion Supplies,7.0,70.0,moving_average,24.57,46.14,201,373,2.8,79.8,CRITICAL,647,STOCKOUT-PRONE
3,20724,RED RETROSPOT CHARLOTTE BAG,Gift & Homeware,Kensington Imports,12.0,323.0,moving_average,101.29,61.5,351,1566,3.2,100.0,CRITICAL,2661,STOCKOUT-PRONE
4,22411,JUMBO SHOPPER VINTAGE RED PAISLEY,Gift & Homeware,Thames Trading Co,10.0,183.0,moving_average,44.57,54.7,285,731,4.1,93.6,CRITICAL,1172,STOCKOUT-PRONE
5,21731,RED TOADSTOOL LED NIGHT LIGHT,Gift & Homeware,Kensington Imports,10.0,200.0,moving_average,47.0,67.27,350,820,4.3,89.8,CRITICAL,1278,STOCKOUT-PRONE
6,85123A,WHITE HANGING HEART T-LIGHT HOLDER,Gift & Homeware,Kensington Imports,12.0,498.0,moving_average,97.29,153.39,875,2042,5.1,89.6,CRITICAL,2906,STOCKOUT-PRONE
7,20713,JUMBO BAG OWLS,Gift & Homeware,Hartley Wholesale,7.0,174.0,moving_average,32.57,113.73,495,723,5.3,57.1,CRITICAL,1005,STOCKOUT-PRONE
8,84077,WORLD WAR 2 GLIDERS ASSTD DESIGNS,Gift & Homeware,Albion Supplies,8.0,1212.0,moving_average,153.29,280.51,1306,2532,7.9,50.7,CRITICAL,3466,STOCKOUT-PRONE
9,20728,LUNCH BAG CARS BLUE,Gift & Homeware,Kensington Imports,9.0,111.0,moving_average,13.29,35.59,176,296,8.4,53.2,CRITICAL,371,STOCKOUT-PRONE
10,21181,PLEASE ONE PERSON METAL SIGN,Gift & Homeware,Hartley Wholesale,16.0,1094.0,exp_smoothing,88.87,82.47,543,1965,12.3,84.0,CRITICAL,2115,STOCKOUT-PRONE
11,20719,WOODLAND CHARLOTTE BAG,Gift & Homeware,Kensington Imports,19.0,1132.0,moving_average,62.86,40.99,294,1489,18.0,63.6,CRITICAL,1237,STOCKOUT-PRONE
12,22629,SPACEBOY LUNCH BOX,Gift & Homeware,Albion Supplies,13.0,844.0,moving_average,54.0,58.92,350,1052,15.6,25.2,REORDER NOW,964,STOCKOUT-PRONE
13,22630,DOLLY GIRL LUNCH BOX,Gift & Homeware,Thames Trading Co,16.0,383.0,moving_average,21.14,49.19,324,662,18.1,41.0,REORDER NOW,575,STOCKOUT-PRONE
14,22469,HEART OF WICKER SMALL,Gift & Homeware,Thames Trading Co,6.0,299.0,moving_average,15.14,124.96,504,595,19.7,24.8,REORDER NOW,508,STOCKOUT-PRONE
15,22998,TRAVEL CARD WALLET KEEP CALM,Gift & Homeware,Albion Supplies,18.0,653.0,moving_average,30.43,82.5,576,1124,21.5,38.2,REORDER NOW,897,STOCKOUT-PRONE
16,84992,72 SWEETHEART FAIRY CAKE CASES,Gift & Homeware,Northern Gifts Ltd,12.0,684.0,moving_average,25.43,72.41,413,718,26.9,6.5,REORDER NOW,390,
17,84991,60 TEATIME FAIRY CAKE CASES,Gift & Homeware,Kensington Imports,20.0,438.0,moving_average,15.57,98.16,723,1034,28.1,38.7,REORDER NOW,814,STOCKOUT-PRONE
18,21975,PACK OF 60 DINOSAUR CAKE CASES,Gift & Homeware,Albion Supplies,19.0,518.0,exp_smoothing,12.35,76.54,549,784,41.9,19.8,REORDER NOW,439,
19,15036,ASSORTED COLOURS SILK FAN,Gift & Homeware,Kensington Imports,20.0,376.0,moving_average,2.0,66.67,491,531,188.0,13.0,REORDER NOW,183,SLOW-MOVING
20,22993,SET OF 4 PANTRY JELLY MOULDS,Gift & Homeware,Thames Trading Co,6.0,716.0,moving_average,60.57,53.53,216,580,11.8,0.4,REORDER SOON,712,
21,22616,PACK OF 12 LONDON TISSUES,Gift & Homeware,Albion Supplies,7.0,1213.0,moving_average,80.71,148.6,647,1212,15.0,5.0,REORDER SOON,1129,
22,84946,ANTIQUE SILVER T-LIGHT GLASS,Gift & Homeware,Albion Supplies,11.0,1333.0,moving_average,72.86,74.38,406,1208,18.3,1.6,REORDER SOON,895,
23,20727,LUNCH BAG  BLACK SKULL.,Gift & Homeware,Northern Gifts Ltd,11.0,513.0,moving_average,27.43,36.07,197,499,18.7,3.9,REORDER SOON,370,
24,22423,REGENCY CAKESTAND 3 TIER,Gift & Homeware,Kensington Imports,14.0,1229.0,moving_average,56.43,37.05,229,1019,21.8,0.1,REORDER SOON,580,
25,47566,PARTY BUNTING,Gift & Homeware,Albion Supplies,10.0,425.0,exp_smoothing,13.3,41.92,219,351,32.0,1.4,REORDER SOON,113,
26,21213,PACK OF 72 SKULL CAKE CASES,Gift & Homeware,Thames Trading Co,7.0,516.0,moving_average,16.0,81.33,354,466,32.2,3.0,REORDER SOON,174,
27,22383,LUNCH BAG SUKI DESIGN,Gift & Homeware,Northern Gifts Ltd,18.0,606.0,moving_average,17.14,28.46,199,508,35.4,0.7,REORDER SOON,142,
28,22969,HOMEMADE JAM SCENTED CANDLES,Gift & Homeware,Albion Supplies,19.0,1187.0,moving_average,28.86,65.76,472,1020,41.1,1.3,REORDER SOON,237,
29,21977,PACK OF 60 PINK PAISLEY CAKE CASES,Gift & Homeware,Northern Gifts Ltd,17.0,1464.0,moving_average,30.71,111.56,757,1279,47.7,2.0,REORDER SOON,245,
30,22961,JAM MAKING SET PRINTED,Gift & Homeware,Hartley Wholesale,12.0,1853.0,exp_smoothing,86.01,69.2,395,1427,21.5,0.0,OK,0,
31,22178,VICTORIAN GLASS HANGING T-LIGHT,Gift & Homeware,Hartley Wholesale,16.0,3067.0,moving_average,115.14,82.71,545,2387,26.6,0.0,OK,0,
32,84755,COLOUR GLASS T-LIGHT HOLDER HANGING,Gift & Homeware,Northern Gifts Ltd,8.0,556.0,moving_average,20.57,52.01,242,407,27.0,0.4,OK,0,
33,21232,STRAWBERRY CERAMIC TRINKET BOX,Gift & Homeware,Thames Trading Co,9.0,1525.0,moving_average,41.14,52.55,260,630,37.1,0.0,OK,0,
34,21212,PACK OF 72 RETROSPOT CAKE CASES,Gift & Homeware,Thames Trading Co,5.0,1703.0,moving_average,44.86,116.0,427,651,38.0,0.0,OK,0,
35,22197,POPCORN HOLDER,Gift & Homeware,Hartley Wholesale,17.0,20834.0,moving_average,499.43,445.95,3025,11515,41.7,0.0,OK,0,
36,20725,LUNCH BAG RED RETROSPOT,Gift & Homeware,Albion Supplies,21.0,1835.0,moving_average,39.14,51.41,388,1210,46.9,0.0,OK,0,
37,85099C,JUMBO  BAG BAROQUE BLACK WHITE,Gift & Homeware,Thames Trading Co,8.0,1392.0,moving_average,25.57,59.98,280,484,54.4,0.0,OK,0,
38,71459,HANGING JAM JAR T-LIGHT HOLDER,Gift & Homeware,Kensington Imports,20.0,882.0,exp_smoothing,14.91,55.35,408,706,59.2,0.9,OK,0,
39,84879,ASSORTED COLOUR BIRD ORNAMENT,Gift & Homeware,Kensington Imports,13.0,6836.0,moving_average,105.43,119.42,709,2079,64.8,0.0,OK,0,
40,21931,JUMBO STORAGE BAG SUKI,Gift & Homeware,Kensington Imports,16.0,1659.0,moving_average,25.57,49.49,326,735,64.9,0.0,OK,0,
41,21080,SET/20 RED RETROSPOT PAPER NAPKINS,Gift & Homeware,Thames Trading Co,15.0,1786.0,moving_average,25.43,39.87,255,636,70.2,0.0,OK,0,
42,22386,JUMBO BAG PINK POLKADOT,Gift & Homeware,Albion Supplies,11.0,1442.0,moving_average,15.29,107.08,585,753,94.3,0.0,OK,0,SLOW-MOVING
43,84978,HANGING HEART JAR T-LIGHT HOLDER,Gift & Homeware,Hartley Wholesale,12.0,2572.0,exp_smoothing,27.17,41.43,237,563,94.7,0.0,OK,0,SLOW-MOVING
44,21790,VINTAGE SNAP CARDS,Gift & Homeware,Albion Supplies,16.0,4477.0,moving_average,44.14,78.49,517,1223,101.4,0.0,OK,0,SLOW-MOVING
45,85099B,JUMBO BAG RED RETROSPOT,Gift & Homeware,Albion Supplies,11.0,7730.0,moving_average,66.14,200.4,1094,1821,116.9,0.0,OK,0,SLOW-MOVING
46,22659,LUNCH BOX I LOVE LONDON,Gift & Homeware,Albion Supplies,15.0,1625.0,moving_average,10.43,67.15,428,585,155.8,0.0,OK,0,SLOW-MOVING
47,22492,MINI PAINT SET VINTAGE,Gift & Homeware,Hartley Wholesale,14.0,5337.0,moving_average,31.43,177.32,1092,1532,169.8,0.0,OK,0,SLOW-MOVING
48,85099F,JUMBO BAG STRAWBERRY,Gift & Homeware,Kensington Imports,18.0,1322.0,moving_average,5.86,81.23,567,673,225.7,0.0,OK,0,SLOW-MOVING
49,21175,GIN + TONIC DIET METAL SIGN,Gift & Homeware,Hartley Wholesale,20.0,6172.0,moving_average,26.71,57.26,422,956,231.0,0.0,OK,0,SLOW-MOVING
50,21915,RED  HARMONICA IN BOX,Gift & Homeware,Thames Trading Co,17.0,7150.0,moving_average,0.29,232.52,1577,1582,25025.0,0.0,OK,0,SLOW-MOVING
