date,15036,20713,20719,20724,20725,20727,20728,21080,21175,21181,21212,21213,21232,21731,21790,21915,21929,21931,21975,21977,22178,22197,22355,22383,22386,22411,22423,22469,22492,22616,22629,22630,22659,22961,22969,22993,22998,47566,71459,84077,84755,84879,84946,84978,84991,84992,85099B,85099C,85099F,85123A
2010-12-05,75.0,69.0,254.0,91.0,218.0,257.0,175.0,415.0,36.0,74.0,975.0,133.0,426.73000000000076,561.6800000000001,313.0,1509.1199999999974,146.0,120.0,135.0,409.0,107.0,493.0,307.0,173.0,107.0,168.0,622.0,322.0,470.0,729.0,200.0,115.0,430.68000000000006,414.0,382.0,0.0,0.0,19.0,272.0,2670.759999999999,140.0,896.0,470.0,12.0,284.0,168.0,692.0,204.0,71.0,1021.0
2010-12-12,21.0,292.0,255.0,284.0,282.0,154.0,90.0,334.0,212.0,417.0,1104.0,238.0,414.0,251.0,486.0,238.0,207.0,229.0,42.0,232.0,525.0,1012.0,645.0,188.0,270.0,281.0,720.0,869.0,1605.910000000002,319.0,263.0,179.0,611.0,521.0,308.0,0.0,0.0,165.0,340.0,513.0,144.0,781.0,790.26,137.0,266.0,147.0,852.0,449.0,162.0,1122.0
2010-12-19,35.0,107.0,161.0,210.0,187.0,88.0,218.0,52.0,70.0,499.0,664.0,275.0,364.0,644.0,114.0,314.0,183.0,174.0,33.0,549.0,593.0,980.0,427.32000000000005,146.0,107.0,243.0,426.0,404.0,227.0,223.0,283.0,168.0,430.0,600.0,456.0,0.0,0.0,29.0,32.0,1173.0,160.0,638.0,646.0,142.0,428.0,431.0,427.0,137.0,229.0,1529.0
2010-12-26,30.0,27.0,306.91999999999916,173.0,44.0,25.0,23.0,57.0,46.0,48.0,1363.0,705.0,47.0,333.0,32.0,13.0,13.0,62.0,528.0,534.0,130.0,252.0,473.32000000000005,110.0,9.0,57.0,188.0,204.0,181.0,1318.1200000000013,147.0,24.0,38.0,125.0,59.0,0.0,0.0,24.0,60.0,100.0,8.0,40.0,85.0,0.0,607.0,558.2999999999993,181.0,117.0,11.0,199.0
2011-01-02,0.0,0.0,0.0,0.0,0.0,0.0,0.0,0.0,0.0,0.0,0.0,0.0,0.0,0.0,0.0,0.0,0.0,0.0,0.0,0.0,0.0,0.0,0.0,0.0,0.0,0.0,0.0,0.0,0.0,0.0,0.0,0.0,0.0,0.0,0.0,0.0,0.0,0.0,0.0,0.0,0.0,0.0,0.0,0.0,0.0,0.0,0.0,0.0,0.0,0.0
2011-01-09,18.0,349.0,202.0,280.0,462.0,167.0,149.0,276.0,182.0,260.0,324.0,127.0,140.0,137.0,236.0,285.0,410.0,226.0,75.0,179.0,396.0,807.0,173.0,140.0,543.0,108.0,251.0,365.0,648.0,110.0,77.0,46.0,100.0,155.0,120.0,0.0,0.0,145.0,108.0,625.0,208.0,472.0,328.0,82.0,170.0,237.0,1374.0,507.0,703.0,973.0
2011-01-16,159.0,46.0,268.0,386.0,595.2099999999998,181.0,245.0,218.0,313.99000000000024,125.0,618.0,132.0,40.0,377.0,24.0,72.0,82.0,391.0,140.0,107.0,204.0,344.0,462.0,289.0,323.0,168.0,408.0,909.0999999999987,219.0,101.0,556.0,490.0,81.0,520.1499999999959,157.0,0.0,0.0,85.0,312.0,289.0,56.0,434.0,97.0,221.0,293.0,265.0,225.0,76.0,349.0,1459.9999999999902
2011-01-23,39.0,194.0,193.0,126.0,128.0,187.0,96.0,264.0,18.0,114.0,1324.8399999999965,223.0,160.0,123.0,41.0,116.0,151.0,80.0,76.0,154.0,339.0,261.0,191.0,100.0,73.0,106.0,139.0,405.0,38.0,85.0,601.1999999999996,454.21999999999997,297.0,197.0,339.0,0.0,0.0,68.0,308.0,0.0,216.0,139.0,231.0,281.0,274.0,406.0,594.0,68.0,269.0,659.0
2011-01-30,112.0,109.0,228.0,142.0,171.0,178.0,140.0,151.0,82.0,96.0,555.0,184.0,158.0,130.0,110.0,84.0,201.0,259.0,117.0,144.0,327.0,351.0,457.0,237.0,199.0,136.0,231.0,554.0,793.0,169.0,137.0,117.0,102.0,324.0,196.0,0.0,0.0,170.0,112.0,530.0,84.0,336.0,129.0,211.0,172.0,375.0,502.0,211.0,93.0,544.0
2011-02-06,1855.3399999999997,116.0,141.0,311.0,417.0,103.0,204.0,317.0,39.0,236.0,558.0,243.0,286.0,106.0,49.0,556.0,235.0,147.0,101.0,811.0,482.0,107.0,148.0,251.0,225.0,114.0,150.0,368.0,541.0,968.0,460.0,73.0,386.0,294.0,240.0,0.0,0.0,232.0,12.0,2722.759999999999,48.0,937.0,160.0,167.0,385.0,374.0,965.0,226.0,381.0,588.0
2011-02-13,68.0,159.0,73.0,217.0,255.0,77.0,69.0,319.0,107.0,86.0,347.0,38.0,113.0,70.0,44.0,25.0,89.0,240.0,174.0,75.0,236.0,239.0,212.0,61.0,95.0,113.0,139.0,206.0,216.0,611.0,69.0,85.0,47.0,167.0,73.0,0.0,0.0,292.0,205.0,48.0,208.0,160.0,425.0,184.0,83.0,172.0,288.0,69.0,70.0,517.0
2011-02-20,762.0,288.0,256.0,197.0,291.0,116.0,129.0,386.0,78.0,200.0,526.0,179.0,146.0,443.0,73.0,39.0,240.0,512.0,123.0,464.0,133.0,1038.0,369.0,259.0,409.0,182.0,400.0,239.0,108.0,1014.0,352.0,378.0,246.0,361.0,743.079999999999,135.0,135.0,189.0,240.0,424.0,176.0,588.0,224.0,136.0,259.0,102.0,985.0,448.0,248.0,365.0
2011-02-27,128.0,273.0,398.0,426.0,369.0,180.0,114.0,266.0,83.0,175.0,718.0,184.0,439.0,391.0,216.0,125.0,116.0,174.0,341.0,239.0,510.0,1312.0,480.0,202.0,260.0,198.0,204.0,454.0,180.0,118.0,353.0,492.0,70.0,396.0,312.0,510.0,258.0,157.0,240.0,257.0,297.0,328.0,160.0,462.44000000000005,194.0,345.0,810.0,84.0,276.0,398.0
2011-03-06,91.0,71.0,158.0,224.0,175.0,168.0,79.0,405.2699999999999,36.0,238.0,689.0,316.0,306.0,85.0,95.0,604.0,206.0,172.0,124.0,276.0,406.0,370.0,68.0,131.0,174.0,134.0,349.0,220.0,108.0,122.0,389.0,519.0,44.0,371.0,435.0,355.0,227.0,255.0,184.0,1680.0,164.0,213.0,243.0,450.0,134.0,147.0,624.0,108.0,286.0,378.0
2011-03-13,369.0,282.0,353.0,326.0,148.0,180.0,160.0,136.0,101.0,341.0,813.0,128.0,316.0,171.0,143.0,319.0,382.0,117.0,439.0,684.0,290.0,779.0,418.0,80.0,374.0,135.0,190.0,708.0,1261.0,1301.1200000000013,190.0,166.0,63.0,429.0,161.0,241.0,107.0,205.0,192.0,1200.0,472.0,642.0,91.0,308.0,598.0,368.0,738.0,285.0,401.0,454.0
2011-03-20,1342.0,734.2299999999994,290.0,182.0,277.0,113.0,94.0,644.0,211.0,258.0,1303.0,340.0,146.0,122.0,197.0,192.0,358.5399999999998,268.0,82.0,1103.0,654.0,583.0,333.0,116.0,664.3399999999999,244.0,307.0,8.0,792.0,1327.1200000000013,228.0,88.0,518.0,306.0,332.0,400.0,155.0,606.0,404.0,480.0,164.0,968.0,396.0,489.0,538.0,616.0,1270.0,389.2000000000005,598.8800000000042,465.0
2011-03-27,99.0,223.0,253.0,364.0,379.0,175.0,353.0,233.0,137.0,450.0,527.0,208.0,347.0,106.0,108.0,120.0,430.0,410.0,285.0,408.0,526.0,237.0,344.0,221.0,586.0,345.0,329.0,0.0,252.0,134.0,207.0,164.0,603.6800000000001,275.0,614.0,250.0,126.0,325.0,232.0,192.0,264.0,391.0,367.0,291.0,238.0,63.0,1379.0,333.2000000000005,676.0,365.0
2011-04-03,1195.3399999999997,238.0,452.91999999999916,408.29999999999905,587.0,447.0,424.0,548.27,100.0,146.0,785.0,444.0,272.0,71.0,318.0,742.0,473.0,359.0,312.0,386.0,930.6400000000003,1042.0,534.0,427.51999999999975,675.0,301.0,334.0,68.0,427.0,1420.0,555.1999999999996,492.21999999999997,249.0,436.0,265.0,409.47999999999956,203.0,376.0,148.0,3216.0,150.0,585.0,161.0,380.44000000000005,735.0,368.0,1103.0,357.0,742.0,582.0
2011-04-10,147.0,0.0,211.0,178.0,247.0,82.0,216.0,185.0,82.0,252.0,667.0,184.0,200.0,140.0,180.0,83.0,224.0,243.0,113.0,158.0,493.0,564.0,184.0,230.0,125.0,53.0,282.0,12.0,324.0,610.0,205.0,158.0,44.0,130.0,216.0,259.0,194.0,460.0,840.0,392.0,236.0,753.0,196.0,279.0,269.0,128.0,975.0,88.0,265.0,374.0
2011-04-17,864.0,0.0,162.0,270.0,305.0,147.0,185.0,460.0,281.0,388.0,598.0,363.0,178.0,239.0,341.0,96.0,125.0,182.0,82.0,751.0,626.0,784.0,227.0,213.0,119.0,155.0,366.0,0.0,216.0,402.0,137.0,141.0,126.0,11.0,324.0,595.0,685.3,542.0,408.0,2448.0,632.0,815.0,240.0,270.0,475.0,79.0,616.0,178.0,166.0,474.0
2011-04-24,174.0,0.0,106.0,194.0,368.0,87.0,141.0,177.0,277.99000000000024,207.0,1421.0,575.799999999997,139.0,24.0,373.0,125.0,43.0,69.0,693.7199999999989,997.0800000000008,645.0,232.0,279.0,156.0,155.0,235.0,186.0,38.0,800.0,93.0,81.0,37.0,63.0,9.0,177.0,173.0,107.0,648.0,262.0,1927.0,604.0,612.0,259.0,171.0,626.7599999999984,561.0,549.0,147.0,6.0,1565.9999999999902
2011-05-01,793.0,0.0,105.0,225.0,164.0,144.0,112.0,161.0,27.0,159.0,315.0,152.0,214.0,65.0,68.0,364.0,108.0,129.0,37.0,255.0,95.0,310.0,179.0,123.0,282.0,162.0,322.0,0.0,180.0,216.0,84.0,61.0,88.0,3.0,229.0,112.0,657.3,276.0,233.0,2592.0,298.0,264.0,161.0,308.0,246.0,43.0,385.0,278.0,201.0,375.0
2011-05-08,972.0,0.0,243.0,171.0,289.0,282.0,240.0,212.0,132.0,315.0,787.0,361.0,262.0,46.0,161.0,152.0,124.0,181.0,156.0,555.0,600.0,372.0,172.0,300.0,154.0,169.0,171.0,0.0,216.0,128.0,125.0,92.0,379.0,1.0,108.0,371.0,364.0,980.0,788.0,917.0,792.0,594.0,380.0,500.0,264.0,206.0,380.0,268.0,0.0,1144.0
2011-05-15,1618.0,0.0,396.0,574.299999999999,747.2099999999998,368.0,321.0,349.0,159.0,310.0,1522.8399999999965,176.0,136.0,186.0,269.0,160.0,255.0,463.0,414.0,498.0,592.0,375.0,578.0,450.51999999999975,401.0,525.0,366.0,0.0,795.0,130.0,556.0,564.0,197.0,387.0,256.0,312.0,146.0,744.0699999999999,604.0,1248.0,724.0,1201.0,242.0,415.0,532.0,230.0,1206.0,246.0,418.0,892.0
2011-05-22,1643.0,0.0,126.0,202.0,445.0,242.0,276.0,303.0,179.0,496.39999999999986,598.0,82.0,329.0,548.0,133.0,312.0,280.0,196.0,59.0,173.0,763.0,1298.0,247.0,245.0,179.0,403.0,307.0,783.0,469.0,1120.0,216.0,126.0,429.0,306.0,111.0,343.0,221.0,754.0,264.0,1008.0,714.48,595.0,411.0,315.0,231.0,88.0,978.0,302.0,143.0,794.0
2011-05-29,397.0,0.0,332.0,186.0,684.0,127.0,168.0,390.0,77.0,1.0,360.0,146.0,126.0,332.0,87.0,85.0,332.0,271.0,137.0,823.0800000000008,608.0,2286.0299999999997,354.0,352.0,556.0,338.0,169.0,1144.0999999999985,288.0,84.0,187.0,184.0,480.0,203.0,138.0,193.0,117.0,839.0,424.0,576.0,676.0,565.0,595.0,392.0,301.0,87.0,933.0,387.0,423.0,1026.0
2011-06-05,193.0,0.0,95.0,244.0,183.0,208.0,208.0,105.0,105.0,0.0,229.0,255.0,114.0,165.0,179.0,305.0,204.0,144.0,140.0,20.0,739.0,533.0,152.0,292.0,410.0,85.0,263.0,421.0,108.0,79.0,476.0,434.0,15.0,141.0,120.0,97.0,591.0,434.0,176.0,1445.0,496.0,384.0,269.0,139.0,136.0,28.0,273.0,210.0,407.0,629.0
2011-06-12,1610.0,24.0,335.0,554.0,584.0,180.0,302.0,323.0,80.0,0.0,619.0,178.0,195.0,96.0,114.0,84.0,230.0,230.0,166.0,337.0,543.0,410.0,243.0,302.0,468.0,188.0,208.0,366.0,361.0,46.0,125.0,100.0,36.0,212.0,183.0,209.0,175.0,600.0699999999999,176.0,480.0,572.0,292.0,576.0,451.0,90.0,114.0,883.0,261.0,432.0,1620.9999999999902
2011-06-19,1285.0,135.0,333.0,159.0,447.0,239.0,125.0,464.2699999999999,98.0,0.0,856.0,503.0,86.0,203.0,190.0,434.0,324.0,113.0,501.0,471.0,276.0,437.0,405.0,184.0,243.0,144.0,174.0,261.0,761.0,1512.0,225.0,212.0,229.0,182.0,164.0,290.0,103.0,507.0,422.0,145.0,632.0,446.0,294.0,139.0,304.0,193.0,959.0,375.0,234.0,391.0
2011-06-26,169.0,270.0,251.0,358.0,238.0,405.0,324.0,338.0,124.0,0.0,181.0,235.0,181.0,80.0,374.0,338.0,175.0,244.0,116.0,545.0,122.0,345.0,160.0,187.0,611.0,231.0,142.0,154.0,219.0,280.0,134.0,111.0,86.0,164.0,153.0,111.0,164.0,598.0,412.0,961.0,196.0,270.0,156.0,402.0,94.0,90.0,841.0,103.0,604.0,236.0
2011-07-03,167.0,492.0,413.91999999999916,499.29999999999905,303.0,171.0,378.0,99.0,89.0,0.0,123.0,101.0,104.0,183.0,149.0,126.0,58.0,419.80000000000007,326.0,160.0,349.0,430.0,315.0,312.0,456.0,289.0,85.0,236.0,72.0,537.0,169.0,179.0,25.0,226.0,84.0,129.0,100.0,276.0,216.0,291.0,520.0,292.0,372.0,207.0,185.0,120.0,816.0,191.0,352.0,259.0
2011-07-10,1246.3399999999997,589.0,152.0,245.0,440.0,447.0,569.8799999999999,270.0,119.0,0.0,1109.0,537.0,89.0,155.0,141.0,85.0,132.0,351.0,761.7199999999989,117.0,590.0,636.0,247.0,447.51999999999975,454.0,198.0,131.0,336.0,432.0,279.0,41.0,51.0,147.0,243.0,62.0,182.0,91.0,901.0,382.0,1109.0,496.0,460.0,463.0,190.0,602.7599999999984,616.2999999999993,1364.0,324.0,513.0,264.0
2011-07-17,352.0,53.0,113.0,136.0,231.0,234.0,210.0,92.0,294.0,192.0,253.0,206.0,158.0,48.0,352.0,175.0,53.0,186.0,228.0,191.0,154.0,157.0,194.0,178.0,315.0,93.0,292.0,315.0,794.0,78.0,68.0,96.0,387.0,169.0,84.0,150.0,733.0,354.0,388.0,1104.0,332.0,372.0,96.0,163.0,133.0,55.0,431.0,93.0,29.0,1198.0
2011-07-24,510.0,250.0,283.0,337.0,596.0,305.0,510.0,98.0,291.0,0.0,335.0,160.0,177.0,144.0,190.0,231.0,437.5399999999998,287.0,204.0,1331.0,532.0,621.0,280.0,420.0,307.0,315.0,341.0,302.0,396.0,936.0,277.0,210.0,548.0,193.0,97.0,617.0,649.0,935.0,380.0,726.0,520.0,519.0,507.0,215.0,124.0,205.0,733.0,210.0,140.0,726.0
2011-07-31,638.0,190.0,174.0,286.0,385.0,316.0,246.0,169.0,70.0,0.0,1083.0,231.0,95.0,174.0,431.0,186.0,295.0,231.0,158.0,742.0,236.0,436.0,287.0,298.0,403.0,117.0,306.0,125.0,252.0,172.0,114.0,107.0,98.0,492.0,86.0,340.0,170.0,520.0,96.0,823.0,306.0,470.0,159.0,174.0,402.0,108.0,540.0,164.0,433.0,780.0
2011-08-07,943.0,129.0,217.0,505.0,602.0,259.89999999999975,330.8799999999998,360.0,160.0,1.0,445.0,241.0,141.0,496.68000000000006,103.0,381.0,403.0,393.0,251.0,271.0,824.0,2178.0,229.0,307.0,382.0,394.1999999999998,180.0,199.0,291.0,1715.0,233.0,164.0,80.0,481.1499999999959,99.0,275.0,168.0,431.0,264.0,98.0,228.0,950.0399999999954,589.0,183.0,245.0,273.0,1050.0,264.0,547.0,441.0
2011-08-14,268.0,348.0,567.0,425.0,725.0,400.89999999999975,414.0,113.0,229.0,0.0,335.0,88.0,119.0,940.6800000000001,342.0,857.0,110.0,307.0,137.0,248.0,308.0,1735.0,550.0,543.0,551.0,239.0,178.0,149.0,180.0,138.0,571.0,480.0,390.0,291.0,51.0,182.0,698.0,330.0,188.0,577.0,588.48,824.0399999999954,163.0,253.0,340.0,107.0,1373.0,262.0,310.0,477.0
2011-08-21,60.0,249.0,275.0,331.0,432.0,275.0,238.0,162.0,61.0,0.0,1392.8399999999965,676.799999999997,112.0,535.0,177.0,336.0,344.0,415.0,789.7199999999989,808.0800000000008,312.0,518.0,183.0,388.0,586.0,363.0,210.0,78.0,792.0,149.0,399.0,366.0,40.0,118.0,664.079999999999,421.47999999999956,89.0,402.0,216.0,528.0,204.0,548.0,397.26,270.0,648.0,89.0,1356.0,333.0,328.0,297.0
2011-08-28,60.0,844.2299999999994,190.0,562.0,341.0,417.0,343.0,294.0,12.0,0.0,507.0,231.0,149.0,121.0,139.0,366.0,91.0,356.0,260.0,876.0,456.0,826.0,432.0,330.0,603.3399999999999,312.0,241.0,117.0,324.0,413.0,547.1999999999996,511.21999999999997,103.0,350.0,84.0,184.0,21.0,471.0,120.0,1056.0,464.0,850.0,264.0,165.0,153.0,126.0,1418.0,130.0,674.8800000000042,776.0
2011-09-04,181.0,170.0,129.0,120.0,201.0,187.0,190.0,194.0,16.0,39.0,458.0,219.0,74.0,108.0,311.0,1621.0,217.0,312.0,82.0,205.0,493.0,956.0,261.0,270.0,248.0,154.0,147.0,130.0,1279.910000000002,485.0,135.0,187.0,302.0,166.0,76.0,187.0,228.0,207.0,100.0,290.0,272.0,216.0,184.0,146.0,141.0,192.0,717.0,264.0,278.0,396.0
2011-09-11,215.0,288.0,157.0,580.0,423.0,277.0,238.0,246.0,336.0,1060.3999999999999,712.0,799.0,287.0,303.0,908.9999999999997,262.0,144.0,276.0,383.0,664.0,230.0,516.0,230.0,210.0,657.0,284.0,150.0,237.0,192.0,76.0,119.0,147.0,82.0,463.0,100.0,316.0,606.0,300.0,340.0,432.0,380.0,488.0,271.0,234.0,909.0,207.0,556.0,439.0,189.0,449.0
2011-09-18,64.0,601.0,250.0,354.0,329.0,302.0,248.0,204.0,166.0,495.0,955.0,785.799999999997,217.0,170.0,222.0,307.0,78.0,330.0,799.0,790.0,248.0,570.0,421.0,270.0,478.0,335.0,219.0,359.0,937.0,200.0,133.0,131.0,172.0,427.0,122.0,395.0,152.0,330.0,412.0,1296.0,344.48,908.0,115.0,147.0,592.7599999999984,611.2999999999993,741.0,109.0,302.0,663.0
2011-09-25,93.0,762.0,466.0,614.0,484.2099999999998,422.0,263.0,294.0,343.99000000000024,236.0,1028.0,419.0,207.0,555.0,597.0,545.0,379.0,288.0,478.0,398.0,425.0,682.0,207.0,274.0,809.0,542.0,147.0,891.0999999999987,334.0,291.0,419.0,362.0,71.0,453.0,680.079999999999,185.0,222.0,158.0,120.0,587.0,244.0,701.0,501.0,120.0,426.0,360.0,1667.0,440.0,579.0,710.0
2011-10-02,30.0,218.0,116.0,236.0,318.0,235.0,235.0,175.0,146.0,373.0,359.0,242.0,214.0,273.0,343.0,312.0,122.0,260.0,160.0,213.0,90.0,1675.0,170.0,152.0,665.0,482.1999999999998,148.0,226.0,576.0,577.0,196.0,190.0,449.0,206.0,110.0,283.0,222.0,209.0,276.0,1008.0,48.0,791.0,378.0,216.0,220.0,134.0,929.0,381.2000000000005,204.0,404.0
2011-10-09,721.0,506.0,179.0,332.0,322.0,321.89999999999975,167.0,140.0,323.0,576.0,477.0,274.0,139.0,122.0,571.0,1562.1199999999974,446.5399999999998,454.0,155.0,877.0,876.6400000000003,835.0,364.0,174.0,1120.34,213.0,408.0,254.0,760.0,525.0,302.0,236.0,399.68000000000006,513.0,364.0,269.0,272.0,183.0,192.0,893.0,288.0,589.0,342.0,91.0,157.0,209.0,2094.0,296.0,863.8800000000042,163.0
2011-10-16,224.0,232.0,199.0,311.0,433.0,346.0,141.0,79.0,302.0,329.0,499.0,173.0,463.73000000000076,196.0,301.0,252.0,81.0,263.0,115.0,270.0,303.0,884.0,280.0,182.0,437.0,250.0,214.0,100.0,257.0,65.0,127.0,96.0,65.0,477.0,185.0,117.0,157.0,106.0,129.0,730.0,64.0,420.0,499.0,140.0,193.0,105.0,947.0,210.0,171.0,683.0
2011-10-23,194.0,100.0,311.0,447.0,276.0,148.0,238.0,288.0,68.0,135.0,503.0,384.0,259.0,429.0,300.0,829.0,84.0,140.0,127.0,118.0,211.0,1164.0,296.0,99.0,334.0,90.0,268.0,335.0,1334.0,666.0,265.0,313.0,87.0,290.0,97.0,225.0,196.0,211.0,52.0,975.0,196.0,821.0,424.0,148.0,729.0,224.0,1045.0,200.0,433.0,234.0
2011-10-30,101.0,1590.2299999999996,244.0,416.0,314.0,132.0,275.0,232.0,221.0,817.3999999999999,521.0,505.0,137.0,146.0,381.0,351.0,67.0,335.80000000000007,62.0,97.0,659.6400000000003,2744.0299999999997,535.0,210.0,743.0,156.0,135.0,383.0,792.0,293.0,284.0,261.0,87.0,162.0,168.0,296.0,652.0,78.0,96.0,3005.759999999999,112.0,778.0,228.0,74.0,437.0,275.0,600.0,391.0,30.0,447.0
2011-11-06,83.0,84.0,145.0,260.0,323.0,108.0,101.0,134.0,335.0,47.0,1041.0,227.0,237.0,222.0,544.0,1791.1199999999974,79.0,245.0,150.0,157.0,359.0,1155.0,274.0,228.0,312.0,91.0,279.0,1042.0,226.0,702.0,213.0,148.0,373.0,360.0,193.0,506.47999999999956,529.0,102.0,100.0,974.0,108.0,968.0,847.0,109.0,263.0,90.0,1063.0,90.0,203.0,1685.9999999999902
2011-11-13,107.0,287.0,213.0,552.0,556.0,266.0,162.0,255.0,266.0,12.0,362.0,117.0,150.0,425.0,791.0,661.0,417.0,493.80000000000007,137.0,302.0,288.0,3900.0,470.0,219.0,516.0,527.1999999999998,169.0,305.0,1703.910000000002,254.0,509.0,97.0,131.0,289.0,106.0,287.0,345.0,135.0,232.0,1167.0,324.0,937.0399999999954,1079.0,409.0,196.0,135.0,2093.0,353.0,311.0,594.0
2011-11-20,104.0,144.0,299.0,455.0,649.0,384.0,190.0,204.0,342.0,397.0,588.0,163.0,452.73000000000076,833.0,697.9999999999997,551.0,101.0,189.0,173.0,415.0,449.0,3142.0,440.0,156.0,521.0,280.0,234.0,361.0,679.0,1349.0,308.0,284.0,137.0,355.0,168.0,376.0,803.3,218.0,384.0,1170.0,144.0,1310.0,808.26,412.44000000000005,547.0,472.0,1602.0,620.0,196.0,1326.0
2011-11-27,237.0,50.0,241.0,735.0,276.0,348.0,375.8799999999998,294.0,337.0,61.0,341.0,64.0,225.0,285.0,432.0,22.0,53.0,212.0,237.0,392.0,372.0,2955.0,669.32,288.0,253.0,355.0,260.0,213.0,402.0,100.0,342.0,303.0,110.0,515.0,93.0,424.0,71.0,454.07,60.0,915.0,348.0,1026.0,577.0,86.0,357.0,104.0,753.0,203.0,42.0,903.0
2011-12-04,143.0,427.0,327.0,550.0,331.0,281.0,146.0,118.0,390.0,936.0,546.0,210.0,463.0,359.0,642.9999999999997,1120.0,108.0,258.0,100.0,239.0,749.0,3271.0,712.0,136.0,436.0,340.0,236.0,809.0,301.0,636.0,160.0,116.0,272.0,269.0,142.0,429.0,273.0,105.0,124.0,689.0,40.0,953.0,489.0,267.0,136.0,209.0,1050.0,414.0,436.0,730.0
2011-12-11,14.0,228.0,358.0,586.0,264.0,171.0,86.0,157.0,173.0,510.0,266.0,106.0,264.0,311.0,243.0,2.0,170.0,177.0,72.0,206.0,656.0,3383.0299999999997,727.0,112.0,102.0,311.0,375.0,97.0,220.0,565.0,366.0,136.0,48.0,571.1499999999959,154.0,407.0,158.0,69.0,100.0,1073.0,144.0,672.0,470.0,177.0,88.0,174.0,451.0,169.0,39.0,673.0
